"eventId","name","baseProb","slope"
"pumpFailure","Pump Failure","0.02","-42.618900000000004"
"filterClog","Filter Clog","0.03","-37.8812"
"waterLeak","Water Leak","0.025","-24.601999999999997"
"plantDiseaseOutbreak","Plant Disease Outbreak","0.015","-9.2655"
"fishDiseaseOutbreak","Fish Disease Outbreak","0.015","-7.4572"
"pHCrash","pH Drop","0.025","7.013"
"lowDissolvedOxygen","Low Dissolved Oxygen","0.03","-2.1759"
"nitriteSpike","Nitrite Rise","0.03","-1.6381000000000001"
"ammoniaSpike","Sudden Ammonia Spike","0.04","-1.5416999999999998"
